fecha	nombre	apellido	sexo	pelicula	dias_rentados
04/09/2020	Di	Poytheras	Female	Mail Order Bride	8
16/02/2019	Gregoire	Canon	Male	Just love me (Tylko mnie kochaj)	2
09/06/2020	Davine	Allanby	Female	Carolina Moon	17
18/05/2020	Janine	Grosier	Female	Cannibal Women in the Avocado Jungle of Death	1
06/08/2019	Joann	Mulcaster	Female	Window to Paris (Okno v Parizh)	17
30/07/2019	Valentin	Stronach	Male	50/50	16
15/02/2019	Baird	Treherne	Male	Last Drop, The	13
04/12/2019	Ariela	Gamage	Female	Along the Sungari River (Song hua jiang shang)	4
07/01/2019	Delaney	Brusle	Male	Corridor, The	8
18/03/2020	Kyla	Shawcroft	Female	Better Tomorrow, A (Ying hung boon sik)	15
17/03/2019	Gleda	Dunkerly	Female	Green Street Hooligans 2	19
13/06/2019	Audi	Ditchfield	Female	Maria Full of Grace (Maria, Llena eres de gracia)	16
10/12/2018	Zeb	Temperton	Male	Dottie Gets Spanked	8
25/10/2020	Haze	Dumbleton	Male	Story of Vernon and Irene Castle, The	19
02/06/2019	Thomas	Ajam	Male	Treed Murray	19
14/08/2019	Otto	Rees	Male	Descendant of the Sun (Ri jie)	9
08/09/2020	Wit	Cockaday	Male	Innocent Sleep, The	6
12/01/2020	Rosmunda	Patington	Female	Fox, The	19
08/05/2019	Britt	Field	Male	Memoirs of a Geisha	16
16/08/2019	Alvan	Van Vuuren	Male	Tales of Ordinary Madness (Storie di Ordinaria Follia)	15
31/05/2019	Mercedes	Scandroot	Female	Untamed Heart	4
31/10/2019	Bernhard	Huggin	Male	Nothing Left to Fear	20
12/10/2019	Dominick	Salling	Male	Man from Earth, The	17
11/08/2019	Afton	Trenchard	Female	Pirates of the Caribbean: On Stranger Tides	10
28/06/2019	Estele	Ashton	Female	Corbeau, Le (Raven, The)	18
29/10/2019	Orv	Joutapavicius	Male	Peter and Vandy	19
14/05/2020	Rocky	Jori	Male	SuperBabies: Baby Geniuses 2	19
11/05/2020	Nada	Tousy	Female	Full Body Massage	1
11/12/2019	Lucias	Rosling	Male	Clubbed	14
30/03/2019	Gunther	De Freyne	Male	Machine, The	19
23/06/2020	Miquela	Beau	Female	Conceiving Ada	2
28/01/2020	Guinevere	Scogin	Female	Soft Shell Man (Un crabe dans la tête)	4
14/06/2019	Barnabas	Austen	Male	Repo Man	3
10/12/2018	Amalita	Yemm	Female	Lonely Villa, The	5
07/02/2019	Gram	Cumbridge	Male	Construction, The (En construcción)	13
06/02/2020	Vonnie	Gainseford	Female	Sacrament, The	10
14/04/2019	Wilek	Paprotny	Male	Patterns	16
23/12/2018	Jarib	Bliven	Male	Four Sons	1
11/05/2020	Jordan	Hammant	Male	Pussy Riot: A Punk Prayer	13
18/05/2019	Anthe	Rothert	Female	The Lost Prince	20
25/11/2019	Isaac	Alentyev	Male	Mondo Trasho	7
20/08/2019	Randa	Mathias	Female	49th Parallel	15
28/09/2020	Wylma	Synder	Female	Thaw, The	7
19/06/2020	Correy	Knowlton	Female	So Proudly We Hail!	19
28/06/2019	Sharai	Gudge	Female	Blue Smoke	2
20/01/2020	Hansiain	Sucre	Male	Cat Run	13
12/08/2019	Loretta	Kestle	Female	Star Is Born, A	10
03/05/2020	Kamillah	Lewson	Female	Cherry	19
07/11/2020	Dot	Suttling	Female	Crowd Roars, The	11
02/09/2020	Renata	Perrott	Female	Olsen Gang on the Track, The (Olsen-banden på sporet)	18
08/02/2020	Babs	Lopez	Female	2009: Lost Memories	5
28/05/2020	Yule	Mansel	Male	Tai Chi Hero	1
18/02/2020	Warner	Gerrad	Male	Heading South (Vers le sud)	19
14/09/2020	Brodie	Habin	Male	Ju-on: Black Ghost	10
17/11/2019	Julio	Ratray	Male	Nutty Professor, The	11
27/11/2020	Ebonee	Perillo	Female	Blue and the Gray, The	1
06/06/2019	Ashby	Boorer	Male	Arnulf Rainer	16
05/01/2020	Dexter	Heady	Male	Shortbus	6
15/08/2020	Emmalee	Robers	Female	Destination Moon	10
13/06/2020	Roseline	McLernon	Female	Monkey Shines	10
08/07/2020	Rick	Quinlan	Male	Godzilla vs. Biollante (Gojira vs. Biorante) 	20
17/02/2019	Filippo	Dobrowlski	Male	That Championship Season	13
23/06/2020	Kelsey	Brea	Male	Saint in London, The	16
04/11/2019	Sherye	McDonough	Female	Hilton!	7
02/02/2020	Gerrilee	Romans	Female	Hunted, The	9
15/09/2020	Lindsay	Jedrachowicz	Female	Replicant	12
29/01/2019	Caitrin	MacMenamy	Female	Last Man Standing	4
29/09/2019	Jesselyn	Lohrensen	Female	49th Parallel	15
13/09/2020	Elsey	Zamora	Female	Beastmaster 2: Through the Portal of Time	2
25/12/2019	Sid	Touret	Male	Jungle de Ikou (Jungre de Ikou)	13
10/07/2020	Bianka	Bishop	Female	Americanization of Emily, The	19
16/02/2020	Analiese	Hanscombe	Female	King of Germany	20
24/03/2020	Gertruda	Jeandot	Female	Backwood Philosopher (Havukka-ahon ajattelija)	13
09/02/2020	Collete	Linde	Female	Waste Land	13
13/10/2020	Emmanuel	Milmore	Male	WNUF Halloween Special	20
03/12/2018	Star	Jouhandeau	Female	Lost Missile, The	15
19/11/2019	Blanche	Rooksby	Female	Cannonball Run, The	4
18/02/2019	Alfred	Kilty	Male	Street Fighter: The Legend of Chun-Li	19
13/09/2020	Rudd	Sills	Male	Live and Let Die	20
29/04/2019	Diena	Doherty	Female	Hit by Lightning	2
24/11/2019	Kin	Biagi	Male	Dark Half, The	15
25/05/2019	Kala	Valentelli	Female	Du côté de la côte	1
07/10/2020	Delmore	Spileman	Male	That's Life!	12
08/05/2019	Erhart	Clint	Male	Boy, Did I Get a Wrong Number!	18
12/11/2019	Kristo	Gettins	Male	Criminal Life of Archibaldo de la Cruz, The (Ensayo de un crimen)	7
16/09/2019	Flore	Durnell	Female	Song of Ceylon, The	9
07/09/2019	Raffarty	Ojeda	Male	Animal Crackers	10
24/02/2020	Sibella	Severy	Female	Stalag 17	13
06/05/2020	Susette	Aylott	Female	Kung Fu Panda: Secrets of the Furious Five	10
05/06/2019	Frieda	Kaindl	Female	Muppets From Space	13
19/02/2020	Shoshanna	Huc	Female	Held Up	9
17/04/2019	Yoshiko	Gladhill	Female	Tunes of Glory	16
21/02/2019	Neda	Nesfield	Female	Friends with Kids	20
30/10/2019	Glyn	Booton	Female	Hey Arnold! The Movie	17
23/06/2019	Stephine	Elwin	Female	Wyvern	10
18/01/2019	Aldridge	Staynes	Male	Alone with Her	14
28/11/2019	Sondra	Trass	Female	Caravaggio	8
10/01/2020	Blinni	Tillyer	Female	Payment Deferred	6
19/05/2020	Steward	Ferreira	Male	Deeper Shade of Blue, A	16
26/11/2019	Genvieve	Trenchard	Female	Execution Squad	4
04/08/2020	Wernher	McGarva	Male	Electric Horseman, The	3
16/11/2019	Berrie	Eich	Female	Waiting for Superman	5
14/11/2020	Pamella	Everson	Female	Chronicles of Riddick, The	14
16/09/2019	Marna	Fandrey	Female	Premature	5
27/01/2020	Margalo	Tarbin	Female	Lost Skeleton Returns Again, The	11
14/03/2020	Carl	Carne	Male	Poetical Refugee	11
15/03/2019	Inger	Fink	Male	Bride of Frankenstein, The (Bride of Frankenstein)	10
07/07/2020	Louie	Seak	Male	Life 2.0	10
10/07/2019	Dahlia	Choppin	Female	Eleventh Hour, The	2
14/04/2020	Bax	Arstingall	Male	Boyhood	16
24/08/2020	Wilone	Abramowitz	Female	Shortbus	14
22/02/2020	Evanne	Buttwell	Female	Sudden Death	14
09/05/2019	Jackie	Abendroth	Male	Family Meeting	20
18/01/2020	Merla	O'Griffin	Female	Big Bang Love, Juvenile A (46-okunen no koi)	12
27/12/2019	Mureil	Werny	Female	Apnea (Apnoia)	6
19/02/2020	Ennis	Slowan	Male	Half Life of Timofey Berezin, The (PU-239)	11
23/08/2019	Marcel	Meeke	Male	Hancock	18
13/06/2020	Sidonia	Bearfoot	Female	Taking of Pelham 1 2 3, The	8
04/06/2020	Jason	Orrocks	Male	Red State	9
01/08/2019	Thedric	Dethloff	Male	Dead Ringers	7
27/07/2019	Arabel	Alfonzo	Female	Lovely Molly	10
15/09/2020	Shirlene	Egiloff	Female	Final Destination, The (Final Destination 4) (Final Destination in 3-D, The)	12
30/05/2019	Hermie	Ceresa	Male	Innocent Voices (Voces inocentes)	7
10/07/2020	Lowe	Kibard	Male	Pushing Hands (Tui shou)	5
12/08/2019	Lottie	Sedge	Female	Forgotten, The	15
02/02/2020	Linell	Carrabott	Female	Alone in the Wilderness	15
28/04/2019	Rosmunda	Albarez	Female	Addiction, The	20
22/07/2020	Aubrey	O'Neil	Female	The Hire: Powder Keg	14
25/08/2020	Sara-ann	Beak	Female	Manhunter	1
13/01/2019	Earvin	Kondratowicz	Male	Islander	16
07/06/2019	Sigismondo	Blew	Male	Reflections in a Golden Eye	19
14/01/2019	North	Hammor	Male	Gregory Go Boom	11
28/06/2019	Sergeant	Povele	Male	Sharpe's Sword	20
27/11/2020	Bartholomeus	Nathon	Male	When We Were Kings	12
24/11/2019	Fowler	Tritten	Male	Shaolin Temple 2: Kids from Shaolin (Shao Lin xiao zi) (Kids from Shaolin)	2
27/01/2020	Raddie	Leathes	Male	Birth of the Living Dead	6
27/05/2020	Anatola	de Najera	Female	Wild America	12
23/04/2020	Lothario	McKerron	Male	Deep in the Valley (American Hot Babes)	19
09/03/2020	Alaster	Wrenn	Male	Three Crowns of the Sailor (Les trois couronnes du matelot)	10
07/04/2020	Roseann	Jiri	Female	Drona	4
30/01/2019	Ree	Kelshaw	Female	Maria, ihm schmeckt's nicht! (Maria, He Doesn't Like It)	20
19/04/2020	Harry	Daldan	Male	Sleep Tight (Mientras duermes)	12
29/03/2020	Loria	Brader	Female	Alyce Kills	9
09/02/2020	Stace	Beggin	Female	Cracks	17
25/10/2019	Livvy	Palluschek	Female	Here Comes the Devil (Ahí va el diablo)	12
29/05/2019	Marylin	Sperrett	Female	Halloweentown	4
09/03/2020	Catlaina	Loughnan	Female	Slams, The	18
31/08/2019	Mathe	Tedman	Male	Awesome; I Fuckin Shot That!	15
22/08/2020	Appolonia	Diehn	Female	Whatever It Takes	10
30/04/2019	Linet	Ducker	Female	Stars Look Down, The	2
24/04/2020	Joanie	Jarmaine	Female	Wolf Man, The	8
07/09/2019	Craggy	O'Logan	Male	Discreet Charm of the Bourgeoisie, The (Charme discret de la bourgeoisie, Le)	16
15/07/2019	Lynn	Feuell	Female	Going Ape!	10
17/07/2019	Nils	Souley	Male	Carancho	8
05/06/2020	Estel	Milthorpe	Female	Splinterheads	17
06/02/2019	Karleen	Readett	Female	Keep Your Distance	12
22/04/2020	Raimund	Siddeley	Male	We'll Never Have Paris	10
25/03/2019	Cordie	Doe	Male	Cardinal, The	20
21/02/2019	Yurik	Pert	Male	Everybody Dies But Me	12
17/12/2018	Burnard	Stanyforth	Male	Happiness (Schastye)	15
14/05/2020	Bartlett	Lowmass	Male	Troubled Water (DeUsynlige)	3
28/07/2019	Krysta	Curzon	Female	Field of Dreams	8
03/11/2020	Niles	Meineken	Male	Ghost Voyage	14
25/05/2019	Hoyt	Servant	Male	Cop Land	9
14/05/2019	Robbi	Doxey	Female	Dying at Grace	6
12/10/2019	Lazaro	Sugar	Male	Valentine Road	7
04/09/2020	Vivienne	Djakovic	Female	Moving Out	18
04/06/2020	Gal	Durning	Male	Electric Dragon 80.000 V	5
26/09/2020	Maxwell	O'Gaven	Male	End of the Line	12
01/09/2019	Reece	Reedman	Male	Loaded Weapon 1 (National Lampoon's Loaded Weapon 1)	17
04/12/2018	Trip	Wyvill	Male	Mammy	4
05/09/2020	Trula	Fallis	Female	Sweet Dreams	15
19/02/2019	Nappy	Haygreen	Male	Newsfront	20
23/03/2019	Gaylor	Masic	Male	Teenage Dirtbag	14
15/07/2019	Dinah	Morrall	Female	Leopard Son, The	4
09/10/2020	Calida	Webland	Female	Waco: The Rules of Engagement	16
05/11/2019	Taite	Pinare	Male	Powers of Ten	12
04/09/2020	Tandy	Abry	Female	Pygmalion	18
04/03/2019	Latia	Breckenridge	Female	Iron Man	4
16/12/2019	Basile	Cakes	Male	The Vexxer	2
05/08/2019	Teresita	Maxwell	Female	Albatross	4
10/01/2019	Fredrick	De Luna	Male	Comancheros, The	7
06/12/2019	Lorianna	Postlethwaite	Female	Monsters vs Aliens: Mutant Pumpkins from Outer Space	6
16/09/2020	Deena	Wildish	Female	Adelheid	7
06/08/2019	Jaclyn	Bernot	Female	Amazing Adventure, The (a.k.a. The Amazing Quest of Ernest Bliss)	19
27/03/2019	Regan	Wynn	Male	The Fifth Season	15
22/10/2020	Annecorinne	Rubel	Female	What's Up, Tiger Lily?	1
30/10/2019	Lucho	Itzcovichch	Male	Grief	19
25/01/2020	Harwilll	Snary	Male	Run, Man, Run! (Corri uomo corri)	6
01/04/2020	Delmar	Cullity	Male	Frozen North, The	13
19/06/2020	Dill	Dimbylow	Male	Ranma ½: Big Trouble in Nekonron, China (Ranma ½: Chûgoku Nekonron daikessen! Okite yaburi no gekitô hen)	13
27/03/2020	Cherie	Woffinden	Female	Little Lili (La petite Lili)	18
27/01/2020	Meredith	Glennie	Male	Perez.	12
24/04/2019	Norbie	Colwill	Male	The Whisperer in Darkness	15
31/05/2020	Padgett	Yakunikov	Male	Nine Miles Down	1
09/11/2019	Domingo	Jovicevic	Male	Sunburn	7
26/07/2019	Wainwright	Dennes	Male	Remember Me (Ricordati di me)	9
17/11/2020	Charmian	Leggat	Female	Next Day Air	7
06/11/2020	Hobart	Canti	Male	Jackie Brown	11
06/10/2020	Alidia	Kearney	Female	Rapado	20
06/09/2019	Tremain	Poulden	Male	Better Off Dead...	19
02/07/2020	Dick	Collisson	Male	Crucified Lovers, The (Chikamatsu monogatari)	20
28/06/2020	Palm	Gotcher	Male	Narrow Margin	15
20/05/2020	Kristin	Bosward	Female	Living Daylights, The	5
06/03/2019	Helenelizabeth	Paolone	Female	Away from Her	11
24/02/2020	Misty	Twyning	Female	Bobby	13
24/05/2019	Briant	Tippell	Male	Vanquished, The (I vinti)	6
04/02/2019	Leighton	Mallion	Male	Oliver & Company	6
02/12/2019	Ave	Winterscale	Male	Chocolat	8
09/01/2019	Nina	Deddum	Female	The Grump	14
18/03/2020	Nickie	Scardifeild	Male	Little Colonel, The	6
14/06/2019	Prudence	McComb	Female	African Cats	11
14/09/2020	Dorothea	Warsap	Female	The Little Death	8
07/12/2019	Townsend	Ritchman	Male	Fugitive Kind, The	17
31/05/2019	Janos	Gorgler	Male	Days and Nights	5
21/01/2020	Sonia	Alesi	Female	Joe	7
19/07/2019	Cymbre	Foskew	Female	Eagle vs Shark	4
16/01/2020	Heda	Longmead	Female	Ghost Machine	15
18/04/2020	Constantine	Andrysiak	Male	Bad Words	17
24/12/2019	Pavel	Rennels	Male	I Love Sarah Jane	6
30/05/2019	Lanie	Greasley	Female	G@me	14
17/07/2019	Kincaid	Gilchrest	Male	War Comes to America (Why We Fight, 7)	13
05/12/2019	Lissi	Shearwood	Female	The Sweet Ride	7
25/03/2020	Vere	Sime	Female	Right Kind of Wrong, The	18
22/07/2020	Bartie	Harbidge	Male	Die Hard: With a Vengeance	19
15/03/2020	Maryjane	Kenwood	Female	À nous la liberté (Freedom for Us)	1
17/05/2020	Cam	McGeneay	Male	Hollidaysburg	9
26/11/2019	Mignonne	Di Gregorio	Female	Legends of the Fall	7
23/01/2019	Lorilyn	Bogace	Female	The Strange Affair	12
07/03/2020	Olag	Giampietro	Male	Beyond the Stars	1
29/10/2019	Martina	Smorthwaite	Female	King Kong Lives	8
18/08/2019	Timmie	Bambridge	Female	Upside Down	11
19/03/2020	Kriste	Mordaunt	Female	Flight from Death: The Quest for Immortality	1
16/05/2019	Nadiya	Tapping	Female	Crooklyn	20
05/08/2020	Sorcha	McChruiter	Female	Dimensions of Dialogue (Moznosti dialogu)	20
21/08/2019	Calley	Zoane	Female	Possession	8
03/08/2019	Silvio	Newis	Male	Bekas	6
13/11/2020	Cullie	Allred	Male	Dead Man's Burden	13
15/11/2019	Janela	Dunklee	Female	Period of Adjustment	17
17/07/2020	Martica	Sedger	Female	Smell of Camphor, Fragrance of Jasmine (Booye kafoor, atre yas)	1
05/01/2019	Adeline	Sevier	Female	Love Loves Coincidences	11
29/08/2020	Averell	Heard	Male	Lucky Star	5
07/04/2019	Lani	Daly	Female	Promise Her Anything	2
13/03/2020	Patton	Twyford	Male	Barbarian Queen II: The Empress Strikes Back	5
27/04/2019	Angil	Marzelle	Female	Ninja	19
13/01/2019	Rora	Braiden	Female	Letter, The	19
02/09/2020	Masha	Hugli	Female	Beethoven's 2nd	8
15/12/2019	Nanny	Dundin	Female	Lady and the Tramp	11
28/02/2020	Barclay	MacAllister	Male	Macbeth in Manhattan	14
11/08/2020	Jesus	MacGettigen	Male	Tommy	1
29/04/2020	Pebrook	Raffeorty	Male	Hachiko: A Dog's Story (a.k.a. Hachi: A Dog's Tale)	6
16/05/2019	Roderich	Nilges	Male	Ripley's Game	1
05/05/2019	Biron	Litel	Male	Dances Sacred and Profane	6
08/04/2020	Mack	Forte	Male	Who's Your Daddy?	2
21/11/2019	Daria	Sagerson	Female	Hardcore	19
21/12/2018	Mozelle	Itzakson	Female	Blue Steel	3
28/07/2020	Drusie	Hulle	Female	Wanda	3
13/03/2019	Meriel	Storres	Female	Great Directors	3
20/07/2020	Trey	Beare	Male	Don Is Dead, The	7
27/01/2019	Bo	Mantram	Male	Fados	12
21/05/2020	Rorie	Beardsley	Female	Velocity of Gary, The	11
02/11/2020	Ozzy	Mayward	Male	Billy Bathgate	10
14/03/2019	Erasmus	Siviour	Male	Girl with a Pearl Earring	9
22/09/2019	Samson	Gocke	Male	Too Beautiful for You (Trop belle pour toi)	4
10/06/2020	Florette	Morritt	Female	Tamara Drewe	15
22/11/2020	Ragnar	Bellie	Male	Killing of America, The	15
23/12/2018	Gordie	Weiser	Male	Matilda	13
25/08/2020	Taite	Carden	Male	In Praise of Love (Éloge de l'amour)	1
12/04/2020	Rivkah	Wolsey	Female	Patton	17
06/01/2019	Jarret	Inchbald	Male	Heavy Metal Parking Lot	11
12/10/2020	Krystyna	Goding	Female	Adam's Apples (Adams æbler)	6
30/12/2019	Sharla	Newband	Female	Perfect Human, The (Perfekte Menneske, Det)	3
25/08/2019	Des	Conre	Male	Importance of Tying Your Own Shoes, The (Hur många lingon finns det i världen?)	11
12/06/2020	Nil	Dumper	Male	Dopamine	19
01/12/2018	Ianthe	Mation	Female	Monster in a Box	11
29/04/2019	Concordia	Zimmermanns	Female	Legend of the Boneknapper Dragon	13
26/08/2020	Geordie	Dives	Male	Society	2
03/01/2020	Fernando	Cordero	Male	What About Dick?	4
22/06/2019	Glenden	Denman	Male	Ferocious	11
30/10/2019	Whittaker	Faustian	Male	Satan's Blood (Escalofrío)	8
19/05/2020	Norbert	Wickman	Male	First Descent	17
13/10/2020	Tabby	Starkings	Female	Louise Bourgeois: The Spider, the Mistress and the Tangerine	7
12/08/2019	Heath	Hoovart	Male	Glory	3
14/07/2020	Glen	Iacovozzo	Female	White Rose, The (Weiße Rose, Die)	15
22/08/2019	Rahel	Westbrook	Female	American Dreamz	17
28/02/2019	Niels	Ballinger	Male	The Old Gun	12
27/08/2019	Kelsy	Llewellen	Female	War Witch (Rebelle)	19
22/08/2020	Tammi	Ventum	Female	Rebels of the Neon God (Qing shao nian nuo zha)	1
29/05/2020	Delphine	Warstall	Female	Hunter Prey	8
07/08/2019	Demeter	Styles	Female	12 O'Clock Boys	6
14/11/2019	Wilfred	Hughland	Male	Family Plot	18
23/02/2019	Albertine	Waddie	Female	Mindwalk	2
16/09/2019	Dennie	Counter	Male	18 Years Later (Diciotto anni dopo)	2
02/07/2019	Fremont	Golson	Male	Dillinger	19
30/08/2019	Bathsheba	Benley	Female	Bedford Incident, The	14
22/01/2019	Worthington	Scala	Male	No	20
19/06/2019	Zeb	Widdecombe	Male	Drive, He Said	20
30/05/2019	Rodney	Ivasyushkin	Male	Valhalla	10
13/07/2019	Nataniel	Singh	Male	Killing Machine, The (Icarus)	11
08/07/2019	Adele	McPhater	Female	The Do-Deca-Pentathlon	1
11/05/2020	Itch	Cobelli	Male	Last Wave, The	17
04/12/2019	Moritz	Dorber	Male	Crude	3
15/04/2020	Simeon	Menezes	Male	Dear Diary (Caro Diario)	7
21/08/2019	Sanders	Novik	Male	Whistleblower, The	8
29/07/2020	Georgeanne	Moyler	Female	America's Sweethearts	6
30/10/2019	Ty	Stirrup	Male	Santa Who?	17
25/07/2020	Archibaldo	Jacquemard	Male	Euphoria (Eyforiya)	12
22/12/2018	Xena	Kull	Female	Johnny Mnemonic	10
08/12/2019	Malachi	Sherington	Male	The White Haired Witch of Lunar Kingdom	16
10/05/2019	Reggie	Rainon	Male	Favor, The	12
24/02/2020	Hendrick	Clemintoni	Male	End of Watch	5
13/04/2019	Derril	Fergusson	Male	Raiders of the Lost Ark: The Adaptation	16
07/06/2020	Marc	Banker	Male	The Universe of Keith Haring	17
26/12/2019	Elane	Eales	Female	Mobsters	1
13/01/2020	Shelby	Tummons	Female	Honeymoon in Vegas	3
29/09/2019	Aubine	Antoniewski	Female	Temptation of a Monk (You Seng)	19
29/06/2019	Burton	Woodcraft	Male	Stuart Little	4
06/07/2019	Dionisio	Rangeley	Male	Château, The	14
17/07/2020	Kathlin	Gosselin	Female	RFK Must Die: The Assassination of Bobby Kennedy	8
17/12/2018	Noemi	Ascroft	Female	Quiller Memorandum, The	18
27/02/2020	Paolina	VanBrugh	Female	One Week	20
21/09/2020	Minetta	Harvatt	Female	Thunderheart	18
02/06/2019	Nicole	Sorrill	Female	Rum Diary, The	8
01/06/2019	Jabez	Sallis	Male	This Is Not a Film (In film nist)	4
12/07/2019	Adah	Tansill	Female	Pirates of the Caribbean: On Stranger Tides	1
05/11/2019	Alie	Poppleton	Female	Treasure of the Four Crowns	10
16/05/2020	Romain	Dendle	Male	Flywheel	3
23/04/2019	Gregoor	Face	Male	Bringing Up Baby	4
09/07/2019	Flinn	Tinson	Male	Deadfall	13
21/05/2019	Gregoire	Skilbeck	Male	Deep Crimson (Profundo carmesí)	11
05/05/2020	Jaclin	Culter	Female	Win a Date with Tad Hamilton!	7
19/01/2020	Robinet	Jeanet	Male	Nim's Island	14
14/02/2020	Alleyn	Ziem	Male	Svampe	11
03/01/2020	Alane	Nuccitelli	Female	Daughter from Danang	8
02/10/2019	Alaric	Brent	Male	Monster	3
10/12/2019	Appolonia	Lille	Female	Growth	5
28/07/2020	Millie	Peeters	Female	The Land Before Time VI: The Secret of Saurus Rock	8
13/04/2019	Carmel	Wattam	Female	Late Phases	8
09/09/2020	Katine	Wellard	Female	Cord (Hide and Seek)	13
25/04/2019	Dee	Livard	Female	Sacrifice (Zhao shi gu er)	5
13/10/2019	Abbe	Cahen	Male	He Died With a Felafel in His Hand	5
29/08/2019	Cammy	MacCorley	Male	Great Expectations	14
01/04/2020	Lebbie	Ballard	Female	El Dorado	13
08/11/2020	Fenelia	Grayne	Female	Iron Lady, The	12
15/07/2019	Decca	Riddles	Male	Dark Command	2
14/04/2020	Cointon	Whittuck	Male	Driving Miss Daisy	15
24/07/2019	Arlie	Kiezler	Female	House Bunny, The	15
28/05/2019	Patrick	Casarili	Male	Screaming Man, A (Un homme qui crie)	13
24/12/2018	Stefanie	Buffey	Female	Stop at Nothing: The Lance Armstrong Story	4
17/11/2020	Devan	Wenderott	Female	Even Angels Eat Beans	16
01/09/2019	Sutherlan	Tape	Male	Athena	20
24/10/2020	Selie	Seer	Female	Decampitated	15
28/11/2020	Laureen	Kosiada	Female	Door in the Floor, The	1
14/11/2020	Bernadine	Bolin	Female	Family Game, The (Kazoku gêmu)	18
21/12/2019	Margette	Hibling	Female	Sun Don't Shine	11
02/08/2020	Isabel	Tumber	Female	47 Samurai (Chûshingura) (Loyal 47 Ronin, The)	19
14/11/2019	Marita	Cyson	Female	Fellini: I'm a Born Liar (Fellini: Je Suis um Grand Menteur)	1
05/04/2020	Augustin	O'Concannon	Male	Harder They Come, The	19
23/07/2020	Joye	Mourant	Female	Made for Each Other	16
06/03/2020	Brett	Struttman	Female	Sign 'o' the Times	12
02/01/2019	Gypsy	Eddowes	Female	Ingmar Bergman on Life and Work (Ingmar Bergman: Om liv och arbete)	11
22/04/2019	Estele	Goatcher	Female	$ellebrity (Sellebrity)	18
16/02/2019	Sigfrid	Syrie	Male	One Man Up (L'uomo in più)	4
24/09/2020	Joline	Razoux	Female	Protector (Protektor)	14
28/04/2020	Janis	Alderman	Female	Orphans	18
06/04/2020	Monte	Robinet	Male	Made in Britain	3
17/10/2019	Orren	M'Chirrie	Male	Hunger, The	7
01/08/2019	Giles	Dangl	Male	My Foolish Heart	6
10/11/2020	Floyd	Montford	Male	A Night in the Show	8
03/08/2020	Ferrell	O'Hagerty	Male	Skyjacked	15
17/09/2020	Gale	Deadman	Female	Wife vs. Secretary	10
19/07/2020	Jorie	Di Baudi	Female	Scary or Die	19
23/06/2019	Regan	Skones	Female	Beauty and the Beast (Belle et la bête, La)	19
17/08/2020	Charmaine	Churly	Female	HealtH	20
09/11/2020	Patten	Cleveland	Male	Julie & Julia	4
02/04/2019	Julieta	Janaszewski	Female	The Next Voice You Hear....	6
08/07/2019	Kendra	Berge	Female	Bugs Bunny's Looney Christmas Tales	10
19/03/2020	Paddie	Fenn	Male	Personals, The (Zheng hun qi shi)	12
28/06/2020	Shermie	Altham	Male	Devil and Daniel Johnston, The	3
08/09/2019	Rosalind	MacAndie	Female	Still Mine	3
19/11/2020	Matthiew	Giorgione	Male	Vice	12
02/07/2020	Betty	Idwal Evans	Female	Salvation, The	18
22/09/2020	Almeda	McDuall	Female	O Panishyros Megistanas Ton Ninja	9
16/10/2019	Binni	Sellors	Female	Hum Tumhare Hain Sanam	19
18/11/2019	Belia	O'Fearguise	Female	Prestige, The	15
24/01/2019	April	Broske	Female	Breach	20
20/08/2020	Law	Twist	Male	Zero de conduite (Zero for Conduct) (Zéro de conduite: Jeunes diables au collège)	19
01/06/2020	Dare	Doonican	Male	Chesty: A Tribute to a Legend	6
02/05/2019	Gina	Bodman	Female	Bridge of San Luis Rey, The	19
18/08/2020	Lidia	Diehn	Female	The Hire: Star, The	8
18/11/2019	Madelene	Durtnel	Female	Demoted	17
08/01/2020	Kaitlyn	Cholonin	Female	Quatermass Xperiment, The	7
11/12/2019	Zachary	McClure	Male	Palm Beach Story, The	17
24/12/2018	Klaus	Corbin	Male	Casablanca Express	11
25/09/2020	Marice	Trewhela	Female	Salaam Cinema	17
12/10/2020	Faith	Palia	Female	Story of the Late Chrysanthemums, The (Zangiku monogatari)	7
03/05/2020	Patrizius	Kilshaw	Male	Craigslist Joe	5
03/07/2019	Marrissa	Wisam	Female	Journey to Saturn (Rejsen til Saturn)	20
24/08/2019	Johnath	Hought	Female	Madame Butterfly	6
10/12/2018	Lavinia	Meadway	Female	Beauty and the Boss	11
07/02/2019	Juliann	Kield	Female	Freedom Writers	12
09/01/2020	Wren	MacCroary	Female	Changing Lanes	15
16/05/2020	Georges	Munro	Male	ATM	1
27/01/2019	Edouard	Smallman	Male	Zoom	10
21/11/2019	Orelie	Hallatt	Female	Up Close and Personal	8
13/11/2019	Kirstin	Godsmark	Female	Penda's Fen	13
14/07/2020	Lolita	Karlowicz	Female	Breaking the Rules	19
14/12/2019	Bo	Wason	Male	The Garden of Sinners - Chapter 5: Paradox Paradigm	5
26/05/2019	Ellen	Orrin	Female	Newsfront	19
27/12/2019	Darsey	Glencrash	Female	When Father Was Away on Business (Otac na sluzbenom putu)	5
07/07/2019	Sissie	Ibel	Female	Dinner for One (Der 90. Geburtstag oder Dinner for One)	8
16/06/2019	Artemus	Lippingwell	Male	Only Angels Have Wings	1
08/03/2019	Berget	Roscamps	Female	The Gang That Sold America	8
08/06/2020	Ailbert	Giovannetti	Male	Killing Words (Palabras encadenadas)	1
14/03/2019	Bernice	Carr	Female	Littlest Rebel, The	4
01/04/2020	Kaylyn	Millsap	Female	After the Reconciliation (Après la réconciliation)	20
17/12/2018	Sapphira	Prudence	Female	The Gun That Won the West	2
01/11/2020	Isador	Shemmans	Male	Body, The	3
28/02/2019	Kalle	Mathewes	Male	Things We Lost in the Fire	15
14/12/2019	Sam	Pheazey	Male	Charming Mass Suicide, A (Hurmaava joukkoitsemurha)	2
03/03/2019	Cheri	Grigorian	Female	Boy of the Streets	16
15/01/2019	Sheree	Longstreeth	Female	Hellsing Ultimate OVA Series	12
08/03/2019	Whitney	Poleykett	Female	Girls Against Boys 	12
19/05/2020	Harley	Accombe	Male	Date with an Angel	17
16/04/2020	Olag	Lenden	Male	Kids, The (Mistons, Les) (Mischief Makers, The)	18
04/09/2019	Liesa	Alexandrescu	Female	Space Chimps	5
27/09/2020	Adriano	Allbut	Male	Marshland (Isla mínima, La)	16
29/09/2020	Therine	Doubrava	Female	Talk Radio	11
10/06/2020	Dory	Muzzlewhite	Female	My Sister's Keeper	15
22/11/2019	Albina	Fri	Female	Judge, The	6
17/05/2020	Beltran	Harnes	Male	Kawa	12
14/12/2018	Hugues	Fudger	Male	90 Minutes (90 minutter)	7
31/07/2019	Ive	Windress	Male	Accepted	13
19/05/2019	Gabie	Resdale	Female	Chasing Amy	8
31/08/2020	Lurette	Groarty	Female	Playing for Keeps	20
28/08/2019	Tobie	Rettie	Male	Inferno	1
18/08/2019	Efrem	Hubery	Male	Badmaash Company	5
09/08/2019	Beverie	Arondel	Female	Snowriders	20
29/01/2019	Crichton	Yeowell	Male	Renoir	7
17/05/2019	Dolph	Sotworth	Male	Fall of the House of Usher, The (chute de la maison Usher, La)	18
10/06/2020	Thedrick	Moyles	Male	Sightseers	1
01/02/2019	Fey	Lippett	Female	200 Motels	19
08/08/2020	Honey	Zack	Female	Summer and Smoke	15
31/03/2020	Leilah	Bollands	Female	Trial of Billy Jack, The	12
12/03/2020	Malanie	Jochens	Female	Mouth to Mouth (Boca a boca)	8
16/08/2020	Samson	Plose	Male	Hamlet 2	6
13/12/2018	Kaylee	Dunkley	Female	Baby On Board	11
08/04/2019	Maurise	Langsbury	Female	Batman: Year One	10
01/08/2020	Ansell	Salt	Male	Little Soldier, The (Petit soldat, Le)	6
20/06/2019	Kingsly	Crix	Male	Pokemon 4 Ever (a.k.a. Pokémon 4: The Movie)	9
17/02/2020	Barny	Krates	Male	St Trinian's 2: The Legend of Fritton's Gold	10
12/12/2018	Cully	Allam	Male	Even Angels Eat Beans	6
15/06/2019	Cam	Tufts	Male	Wonder Man	18
05/12/2019	Jayme	Bolderstone	Male	The Things of Life	13
16/12/2019	Malinde	Isworth	Female	HellBent	14
02/03/2019	Jorry	Sambidge	Female	Wicker Man, The	20
29/08/2020	Jeannie	Mochan	Female	Rabbit-Proof Fence	2
01/05/2019	Gray	O'Cannovane	Male	Effi Briest (Fontane - Effi Briest)	11
05/05/2020	Stormi	Muttock	Female	Snow White: A Tale of Terror	10
11/07/2019	Brice	Prujean	Male	We Need a Vacation (Fais-moi des vacances)	10
24/01/2020	Helsa	Backshell	Female	15 Minutes	14
12/11/2019	Kiel	Spens	Male	Summer Heights High	10
17/08/2019	Zaccaria	Grewer	Male	Saint (Sint)	10
31/08/2020	Perice	Penke	Male	MR 73 (a.k.a. The Last Deadly Mission)	8
10/08/2019	Orelee	Jefferson	Female	Killer Holiday	2
08/08/2019	Anjanette	Clausius	Female	S.O.B.	19
06/06/2020	Javier	Greathead	Male	Creation	4
09/07/2019	Ode	Riquet	Male	Princess Bride, The	4
05/09/2019	Samara	Wannop	Female	King Kong	20
22/02/2019	Ferrell	Pundy	Male	Harry Brown	2
31/12/2019	Devora	Mea	Female	The Violent Kind	2
16/03/2019	Maryjane	Anderl	Female	Scusa ma ti chiamo amore	19
18/09/2020	Mahmud	Lindl	Male	Erkan & Stefan 2	16
27/09/2019	Arin	Buckeridge	Male	Black Sleep, The	8
24/05/2020	Demetris	Officer	Female	Double Indemnity	1
23/01/2019	Emmie	Tythe	Female	Three Stooges Meet Hercules, The	7
25/04/2019	Mordy	Lethibridge	Male	Tall T, The	5
18/01/2020	Melisandra	Seagrave	Female	Lost Highway	15
29/05/2019	Jackelyn	Ivashin	Female	Murder, Inc.	20
29/06/2019	Wheeler	Fallon	Male	Oranges, The	15
07/02/2019	Brigitta	Fryer	Female	Fear	15
14/04/2019	Thain	Maase	Male	Jim Jefferies: Fully Functional (EPIX)	1
24/08/2019	Jaquith	Dinneges	Female	Modern Times	11
08/07/2020	Burgess	Le Claire	Male	What Dreams May Come	20
09/04/2019	Grant	Vowdon	Male	Rocking Horse Winner, The	11
30/12/2019	Karole	Gravell	Female	Brothers (Brødre)	7
29/10/2019	Martynne	Klouz	Female	Notebook, The (A nagy füzet)	14
30/12/2019	Dita	Haynesford	Female	Coldblooded	7
03/06/2019	Katha	Petranek	Female	Amazing Grace and Chuck	7
05/10/2019	Bonnibelle	Snufflebottom	Female	Food, Inc.	10
13/09/2019	Vannie	Piatti	Female	Her	14
29/08/2020	Barnett	Nellis	Male	Superproduction (Superprodukcja)	17
04/07/2020	Nickola	Wiles	Male	Midsummer Night's Dream, A	5
20/11/2019	Quill	Jobb	Male	Mr. Majestyk	16
07/12/2019	Merrick	Bodesson	Male	Rocket from Calabuch, The (Calabuch)	19
26/12/2019	Nedda	Saint	Female	Reykjavik Whale Watching Massacre	7
26/10/2020	Elayne	Bonwell	Female	Joanna	4
15/06/2019	Gregory	Rahl	Male	Air Bud: Golden Receiver	16
22/03/2019	Edd	Wasylkiewicz	Male	Árido Movie	6
26/04/2020	Kerstin	Willmont	Female	Abbott and Costello Meet the Invisible Man	12
22/12/2019	Auria	Orknay	Female	Disclosure	14
22/01/2019	Lelah	Blampey	Female	Nine Months	20
20/01/2019	Werner	Yakobowitz	Male	North Face (Nordwand)	15
24/11/2020	Uriel	Lavell	Male	Shot at Glory, A	10
19/05/2020	Devi	Mottinelli	Female	Lammbock	3
19/06/2020	Adore	Glasscoo	Female	Polly of the Circus	14
27/03/2019	Giffard	Grigoriscu	Male	Shutter Island	9
29/01/2019	Cheston	McAnulty	Male	Max	8
16/12/2019	Rinaldo	Ainsby	Male	Terminator, The	15
05/12/2018	Garey	Wormell	Male	Evelyn	6
11/11/2019	Fee	Jevon	Male	Babymakers, The	13
02/03/2020	Aurlie	Ramsell	Female	About Last Night	17
21/05/2020	Kassi	Nicklen	Female	Mercredi, folle journée!	15
02/12/2018	Hedwig	Walcher	Female	Rage in Placid Lake, The	6
17/09/2020	Marven	Tewes	Male	Restless (Uro)	7
21/09/2020	Prescott	Caines	Male	Spider	10
21/12/2019	Goldarina	O'Lahy	Female	Michael Jackson: Life of a Superstar	4
07/04/2020	Gil	Storcke	Male	Tortoise and the Hare, The	3
07/02/2020	Nikolai	Balstone	Male	Special Bulletin	8
08/08/2019	Hewitt	Wedlock	Male	My House in Umbria	19
29/09/2020	Shawnee	Ascrofte	Female	Unknown Known, The	19
08/04/2019	Dall	Hammerson	Male	Marooned	1
17/04/2019	Ddene	Quye	Female	Starry starry night (Xing kong)	4
22/01/2020	Colby	Rennock	Male	The Green Years	10
21/11/2019	Bondy	Thake	Male	Crime Story (Zhong an zu)	6
09/09/2019	Brandais	Arnaudi	Female	Klitschko	12
24/12/2018	Keefe	Kilius	Male	Body of Water (Syvälle salattu)	4
31/10/2020	Pierson	Pagan	Male	Music Never Stopped, The	14
16/04/2020	Leelah	Spelwood	Female	No Reservations	13
13/04/2020	Viviyan	Seton	Female	Earth vs. The Spider	4
15/02/2019	Anselm	Burrage	Male	Hannah Arendt	6
12/05/2020	Ashien	Boustead	Female	Solo Sunny	20
26/10/2020	Inessa	Piggrem	Female	Sweet Evil (L'enfance du mal)	3
12/05/2020	Toddy	Sparling	Male	Semi-Pro	15
26/12/2019	Fons	Meddemmen	Male	Daughter of Dr. Jeckyll	1
22/12/2018	Milissent	Valintine	Female	Nature Calls	4
01/12/2019	Rolando	Malafe	Male	Nasty Girl, The (schreckliche Mädchen, Das)	7
19/01/2019	Dallas	Ferran	Male	Professor Beware	18
24/01/2020	Devin	Graddon	Female	Cool World	4
03/05/2019	Britteny	Caven	Female	Specials, The	17
21/10/2020	Ermengarde	Shaddock	Female	Sheriff and the Satellite Kid, The	3
27/06/2020	Lisle	Zimmerman	Male	Virus X	4
01/05/2019	Loutitia	Wheelan	Female	War, The	16
12/05/2019	Jerome	Poppleton	Male	Generation Iron	9
27/06/2019	Nye	Waith	Male	The Beast Kills in Cold Blood	6
21/08/2019	Vin	Lyptratt	Male	Young Visiters, The	9
15/03/2020	Reuven	Penddreth	Male	White Elephant	17
27/02/2020	Farrel	Melley	Male	Humoresque	11
09/12/2019	Patience	Clarke	Female	Sleep Tight (Mientras duermes)	10
06/02/2020	Malorie	Pablos	Female	Adventureland	17
15/03/2019	Brigham	Nesfield	Male	Pixote	3
27/11/2020	Linn	Kytley	Female	Crazy Class Wakes Up, The (Hababam sinifi uyaniyor)	2
01/11/2020	Roscoe	MacNeilage	Male	Executive Suite	3
09/11/2020	Selma	Chaikovski	Female	Master and Commander: The Far Side of the World	18
05/08/2019	Emeline	Bartolomucci	Female	Condorman	3
12/09/2019	Emile	Axtens	Male	Wings (Krylya)	6
15/09/2019	Blancha	Pratchett	Female	The Story of Alexander Graham Bell	9
25/12/2018	Antons	Gullberg	Male	Homeward Bound: The Incredible Journey	3
03/12/2019	Neal	Finnigan	Male	Fanny	19
09/11/2020	Felizio	Phillippo	Male	Carnival in Flanders (La kermesse héroïque)	4
06/10/2019	Bartholomeo	Postle	Male	Hills Have Eyes Part II, The	8
23/10/2019	Neil	Domican	Male	Believer, The	2
14/02/2020	Rogerio	Puttick	Male	Producers, The	4
17/12/2018	Auria	Vivien	Female	Ideal Husband, An	15
05/06/2019	Jose	Bondesen	Male	Villa Amalia	11
02/11/2020	Isadore	Derby	Male	My Life in Orange (Sommer in Orange)	12
27/11/2019	Kelley	Labroue	Male	ABCs of Death, The	19
13/03/2020	Korey	Prothero	Male	Joe and Max	16
10/03/2020	Edyth	Aronsohn	Female	Doctor Dolittle	11
29/04/2019	Putnem	Rattrie	Male	Backbeat	19
24/02/2019	Gayle	Trousdale	Male	The First Movie	3
12/12/2018	Manfred	Brodeur	Male	Wicked	20
30/10/2019	Hamid	Fierman	Male	For Love or Money	6
26/10/2020	Gaby	Creaser	Male	Ghosts of Girlfriends Past	11
19/05/2020	Berna	Matchett	Female	We Are What We Are (Somos lo que hay)	9
09/04/2019	Andreas	Chilcotte	Male	House of Mirth, The	10
22/03/2019	Letitia	Slyde	Female	Heist	15
28/02/2020	Agneta	Mitroshinov	Female	Carmina or Blow Up (Carmina o revienta)	15
28/01/2019	Di	Morbey	Female	Love Liza	1
09/02/2019	Dewie	Doley	Male	By Dawn's Early Light	8
20/02/2020	Joeann	Bilam	Female	Ever After: A Cinderella Story	7
05/03/2020	Obadiah	Nordass	Male	Swan Princess: The Mystery of the Enchanted Treasure, The	19
13/07/2019	Lavinie	Josifovitz	Female	Paraíso Travel	20
02/11/2019	Boony	Ryle	Male	Marius and Jeanette (Marius et Jeannette)	1
29/02/2020	Tera	Tullett	Female	Ouija	7
05/12/2019	Mort	Paulot	Male	Epic	20
05/09/2020	Adam	Caesman	Male	My Life and Times With Antonin Artaud (En compagnie d'Antonin Artaud)	15
19/08/2020	Johann	Statefield	Male	Secret Life of Words, The	3
19/12/2018	Rafael	Soares	Male	Coyote Ugly	15
02/01/2019	Tremaine	Pountain	Male	Dolores Claiborne	14
18/07/2020	Gustavus	Jobes	Male	My Favorite Blonde	5
27/04/2019	Inigo	Blackster	Male	Poto and Cabengo	9
16/01/2019	Aleksandr	McGraw	Male	Fire and Ice	16
10/11/2019	Reinhold	Nendick	Male	Little Nicky	20
30/06/2019	Malvina	Pudsall	Female	Storytelling	12
22/01/2019	Bailey	Howie	Male	Guelwaar	14
05/01/2020	Kendre	Kerner	Female	Four Days in September (O Que É Isso, Companheiro?)	18
17/08/2020	Thane	Willey	Male	Lesson Plan 	19
25/05/2020	Quinn	Swainston	Female	Time Tracers	3
28/05/2019	Christyna	Zuppa	Female	The Black Rose	20
21/01/2019	Danella	Ilewicz	Female	Film with Me in It, A	15
29/11/2019	Mort	Yesenin	Male	Double Hour, The (La doppia ora)	15
05/09/2019	Cassaundra	Benes	Female	Man on High Heels	15
24/11/2019	Gabriel	Lever	Female	Pumpkin	16
03/07/2020	Costa	Schrei	Male	Connie and Carla	19
19/02/2019	Casey	Handscombe	Female	Spy Next Door, The	14
26/03/2020	Minna	Leftwich	Female	Kevin Hart: Let Me Explain	18
06/03/2019	Katya	Ateridge	Female	Thief Lord, The	7
29/12/2019	Britte	Margiotta	Female	101 Reykjavik (101 Reykjavík)	19
13/06/2019	Storm	Pedgrift	Female	One to Another (Chacun sa nuit)	16
02/07/2020	Nealy	Bines	Male	Englishman in New York, An	13
18/04/2019	Nona	Baldin	Female	Cruise, The	6
06/03/2020	Datha	Soppit	Female	The Monastery of Sendomir	2
09/11/2020	Beryl	Snowman	Female	Peaceful Warrior	2
26/02/2019	Hester	Giovanardi	Female	Ice Soldiers	19
06/02/2020	Cynthy	McNulty	Female	Once Upon a Time in China (Wong Fei Hung)	10
22/12/2018	Hadlee	Pohlke	Male	Friendly Persuasion	8
07/09/2020	Gusty	Churm	Female	Hanging Up	1
28/12/2018	Donalt	Vayro	Male	Vampir (Cuadecuc, vampir)	19
12/03/2019	Herta	Bruford	Female	Wrestling Queens	1
23/04/2019	Winston	Binny	Male	Notorious Bettie Page, The	9
01/08/2019	Cassondra	Titford	Female	Take This Job and Shove It	11
05/12/2019	Pammie	Dickson	Female	Final Season, The	2
29/07/2019	John	Jerrand	Male	Detroit 9000	13
04/07/2019	Ravi	Chard	Male	Dana Carvey: Squatting Monkeys Tell No Lies	11
16/10/2020	Eleanora	Purcer	Female	Esther Kahn	11
10/11/2019	Luca	Winslow	Male	Dangerous Profession, A	11
10/01/2020	Polly	Skouling	Female	Spanish Main, The	15
11/05/2020	Langston	Heazel	Male	Boca	5
01/06/2019	Tad	Wallwork	Male	Don't Give Up the Ship	4
21/08/2020	Derk	Tryme	Male	Just love me (Tylko mnie kochaj)	18
24/05/2020	Daryn	O' Driscoll	Female	Hanging Garden, The	20
28/01/2020	Dolph	Langwade	Male	Mighty Uke	20
07/03/2019	Raimondo	Dean	Male	Genocide (Konchû daisensô)	20
28/09/2019	Enid	Blazynski	Female	Garage Sale Mystery	20
05/10/2019	Leanora	Lindwall	Female	Shakthi: The Power	5
16/06/2020	Kellie	Gosby	Female	Spirits of the Dead	15
20/02/2020	Karmen	Chaman	Female	Lotta på Bråkmakargatan	17
04/10/2020	Chrisy	Stearn	Male	Man Facing Southeast (Hombre mirando al sudeste)	13
24/06/2019	Hollyanne	Rowth	Female	Merry Widow, The	3
14/04/2020	Teri	Bullerwell	Female	Prince of Pennsylvania, The	6
03/06/2019	Amby	Dabel	Male	Pendulum	7
08/12/2019	Tristam	Longcaster	Male	Unprecedented: The 2000 Presidential Election	13
13/01/2019	Homer	Ickeringill	Male	Memories of Underdevelopment (Memorias del subdesarrollo)	15
14/04/2019	Edie	Speers	Female	Woman, a Gun and a Noodle Shop, A (San qiang pai an jing qi)	17
08/03/2019	Ellsworth	McGilben	Male	Much Ado About Nothing	3
23/11/2020	Deeanne	Yushmanov	Female	Separate Lies	20
18/01/2020	Norean	Perri	Female	Muppets Take Manhattan, The	16
30/10/2020	Emanuel	Jennaway	Male	Ruby Red	7
15/08/2019	Nat	Shoosmith	Female	Ambush Trail	3
02/11/2019	Kaylil	Elce	Female	Rosencrantz and Guildenstern Are Dead	16
29/11/2018	Anjanette	Forrestor	Female	Inbetweeners 2, The	17
14/05/2020	Bryant	Ledes	Male	London - The Modern Babylon 	11
04/09/2020	Linnea	Luscott	Female	Dangerous	8
21/08/2019	Audi	Van der Hoven	Female	Debut, The	8
15/09/2020	Marwin	Barham	Male	It Runs in the Family (My Summer Story)	17
08/02/2020	Koressa	Oldred	Female	Lethal Weapon	13
24/02/2020	Albie	Dinnington	Male	Man on High Heels	6
14/08/2020	Belvia	Knibb	Female	Silence, The (Tystnaden)	9
09/06/2019	Rickie	Arnold	Female	Scott of the Antarctic	6
01/04/2020	Ilaire	Mussetti	Male	Colonel Chabert, Le	9
23/11/2020	Job	Timbs	Male	Truth in 24	11
28/10/2020	Ware	Anthill	Male	Winning of Barbara Worth, The	1
16/10/2020	Kaleena	Sives	Female	Trip to the Moon, A (Voyage dans la lune, Le)	16
04/10/2020	Abba	Giraudo	Male	Nukes in Space	5
27/09/2019	Bernhard	Betton	Male	Transporter 3	6
26/07/2019	Zandra	Asprey	Female	Merchants of Doubt	6
21/10/2020	Arabelle	Kurtis	Female	Dr. Jack	1
09/12/2019	Suzanna	Merchant	Female	Making 'The New World'	13
24/12/2019	Kassey	Jelkes	Female	Reflecting Skin, The	16
03/04/2020	Abram	Ledingham	Male	Running on Empty	4
20/05/2020	Ely	Uphill	Male	Almost Heroes	4
11/01/2020	Jerri	Lyst	Male	Real Women Have Curves	17
01/03/2019	Sammy	Bletsor	Male	Inn of Evil (Inochi bô ni furô)	15
09/06/2020	Tod	Calbreath	Male	Big Fish	10
30/11/2019	Ransom	Shadrack	Male	Sea Hawk, The	6
01/03/2020	Spence	Skyrm	Male	Darkman	18
07/07/2020	Reinald	Vase	Male	For Whom the Bell Tolls	19
09/04/2019	Jeannie	Copello	Female	Les Tuche	13
02/01/2019	Karlyn	Deddum	Female	Devil's in the Details, The	5
09/09/2019	Ailbert	Giacobazzi	Male	...And God Spoke	2
01/08/2020	Kendal	Orsi	Male	Cocaine Cowboys	4
28/10/2020	Kaja	Skipton	Female	Trial by Jury	6
07/10/2019	Fayina	Landor	Female	Hackers	1
30/10/2019	Jason	Blondin	Male	Cluny Brown	17
14/12/2019	Chastity	Martinovic	Female	Outrageous Fortune	13
09/11/2020	Keane	Ducket	Male	Power of Kangwon Province, The (Kangwon-do ui him)	2
01/11/2020	Deana	Huxster	Female	Challenge to Lassie	1
18/11/2019	Kathryne	Ashenhurst	Female	Orphans of the Storm	18
28/04/2019	Kassia	MacKill	Female	Yes Or No	14
04/07/2020	Keslie	Mithun	Female	Spy Game	14
03/10/2020	Rozanna	Cromblehome	Female	Lady Terminator (Pembalasan ratu pantai selatan)	13
13/07/2019	Charles	Scarre	Male	Savior	10
08/08/2019	Karoly	Juzek	Male	Rage in Heaven	3
13/05/2020	Paule	Gerrie	Female	Resurrection, A	2
14/12/2018	Hoebart	Kynan	Male	Ballad of Little Jo, The	6
01/06/2019	Glori	Clee	Female	Entre nos (Between Us)	5
11/12/2019	Baxie	Vedyasov	Male	Evergreen	13
14/03/2020	Nevin	La Torre	Male	Cialo	7
26/11/2019	Luigi	Dennes	Male	Playing from the Plate (Grajacy z talerza)	17
31/08/2020	Cale	Fysh	Male	Taxi Blues	11
26/10/2020	Kellina	Wimpey	Female	Keeper, The	15
10/06/2019	Gae	Kilmartin	Female	Secret Policeman's Other Ball, The	15
14/12/2019	Desi	Hallawell	Male	Batman Begins	18
29/05/2019	Martyn	Bendixen	Male	Ethan Frome	11
20/02/2020	Morton	Dearan	Male	Berserk: The Golden Age Arc 2 - The Battle for Doldrey	7
24/11/2020	Minnaminnie	Kuna	Female	Battle Royale 2: Requiem (Batoru rowaiaru II: Chinkonka)	14
30/08/2020	Georgeanne	Chastand	Female	Human Lanterns (Ren pi deng long)	18
26/07/2020	Parke	Hargreaves	Male	Solo	7
04/11/2019	Nady	Suggett	Female	Nights and Weekends	10
30/05/2019	Nigel	Stockport	Male	Transmorphers	20
18/09/2019	Parsifal	Titmarsh	Male	Ghost in the Machine (a.k.a. Deadly Terror)	6
26/09/2019	Elisha	Jeffreys	Female	Stage Fright	4
06/07/2020	Tris	Housby	Male	Trek Nation	9
04/12/2019	Abbie	Sandiland	Male	Go Tell the Spartans	5
22/09/2019	Klara	Garie	Female	The Monkey Hustle	10
01/07/2019	Kristal	Witherbed	Female	Saw V	14
22/08/2019	Livia	Volet	Female	Magnificent Ambersons, The	13
13/04/2020	Lennie	Vautrey	Male	Casque d'or	15
31/01/2020	Gar	Rameaux	Male	Mister 880	7
02/10/2020	Yulma	Copner	Male	Cartoonist: Jeff Smith, BONE and the Changing Face of Comics, The	8
12/03/2019	Karola	Hegg	Female	Paris Blues	7
13/01/2020	Stephi	Strangward	Female	Man Bites Dog (C'est arrivé près de chez vous)	9
06/05/2019	Madelle	Sheen	Female	Born in Flames	7
25/06/2019	Pavel	Rosi	Male	Promised Land	5
09/02/2020	Wilbur	Greedyer	Male	Tie That Binds, The	2
02/08/2020	Larine	Yeeles	Female	Moment to Remember, A (Nae meorisokui jiwoogae)	9
14/07/2019	Krisha	Thomkins	Male	Ffolkes	9
04/04/2020	Gennie	Kastel	Female	Lord of Illusions	8
26/10/2019	Beau	Oldam	Male	Slams, The	4
03/05/2020	Brandise	Murkitt	Female	Wrong Turn at Tahoe	10
28/08/2019	Binny	Ellicott	Female	Seventh Heaven	17
20/04/2020	Bernetta	Blasl	Female	United Red Army (Jitsuroku Rengo Sekigun: Asama sanso e no michi)	14
02/09/2020	Peter	Scowen	Male	Party Girl	12
08/04/2019	Ludovico	Corneliussen	Male	Burton and Taylor	1
28/12/2018	Othilia	Yablsley	Female	All at Sea	13
06/03/2019	Egon	Garces	Male	1969	9
06/01/2019	Ulrich	Skerm	Male	Freeway II: Confessions of a Trickbaby	18
27/08/2020	Weston	Dearlove	Male	Friends with Benefits	12
08/01/2019	Jamie	Hogbourne	Female	Crocodile Dundee in Los Angeles	16
03/04/2019	Nickola	Cubbino	Male	Journey of August King, The	2
03/01/2019	Egon	Musselwhite	Male	Dirty Wars	13
27/05/2019	Berkie	Firth	Male	Unbelievers, The	16
22/06/2019	Justinn	Hardy-Piggin	Female	Flodder in Amerika!	15
28/04/2020	Daisie	Debrick	Female	Eye, The (Gin gwai) (Jian gui)	4
23/07/2020	Catie	Scobie	Female	Going Straight	14
11/11/2020	Monica	Panniers	Female	Killer Shrews, The	19
01/04/2019	Jacky	Guiduzzi	Male	My Neighbors the Yamadas (Hôhokekyo tonari no Yamada-kun)	4
11/06/2019	Pedro	Roddell	Male	Fierce People	12
29/06/2020	Karim	Grcic	Male	Gregory's Girl	20
09/08/2019	Rustie	Thomsson	Male	Fairly Odd Christmas, A	5
28/01/2019	Wenda	Mahmood	Female	Saw VII 3D - The Final Chapter	6
05/11/2020	Glori	Merigon	Female	Ruthless People	9
10/12/2019	Orran	Benoist	Male	Teenage Mutant Ninja Turtles III	14
15/06/2019	Romola	Garretson	Female	One Piece Film: Strong World	18
12/10/2020	Mirabel	Nazareth	Female	High School Confidential!	8
29/08/2020	Vivi	Dumbelton	Female	Frozen Planet	8
11/01/2019	Marlo	Kochs	Female	Tron	5
11/09/2020	Ban	Wombwell	Male	Lord Love a Duck	1
11/09/2019	Axel	Edgeller	Male	Food (Jídlo)	5
03/09/2020	Rosanna	Tipping	Female	Gunfight at Dodge City, The	17
15/09/2020	Elihu	Cockrem	Male	Phase IV	10
25/12/2018	Steve	Chapellow	Male	Eight Crazy Nights (Adam Sandler's Eight Crazy Nights)	1
10/05/2020	Verney	Tiddeman	Male	The Derby Stallion	4
24/10/2020	Hall	Dreng	Male	Delirium	18
18/12/2019	Clio	Rozier	Female	Desperate Journey	17
26/11/2019	Wini	Sobey	Female	Days and Hours (Kod amidze Idriza)	15
30/01/2020	Brocky	O'Donovan	Male	Pyromaniac's Love Story, A	1
16/08/2019	Marilyn	Quarles	Female	Charlie Chan's Greatest Case	7
18/05/2020	Kikelia	Pettingall	Female	Mad Love	7
17/05/2020	Aleece	McClaren	Female	Dragonfly	17
05/02/2019	Lynett	Snary	Female	Cut	11
03/05/2020	Kippar	Priter	Male	Star, The	20
20/04/2020	Manny	Eliez	Male	Two Days, One Night (Deux jours, une nuit)	14
22/09/2020	Adria	Crawley	Female	Recruiter, The	15
01/04/2020	Garik	Kail	Male	Last Summer of La Boyita, The (El último verano de la Boyita)	12
20/08/2019	Timotheus	Fenby	Male	Tormento	16
30/11/2019	Kenton	Ollarenshaw	Male	Serpico	13
08/04/2019	Rita	Stilling	Female	Letter, The	9
25/09/2019	Roslyn	Pinder	Female	Goddess, The	12
05/04/2020	Kaila	Blezard	Female	Fantasma	14
11/12/2019	Sammie	Claeskens	Male	Enemies: A Love Story	8
13/12/2018	Tailor	Sutliff	Male	New Rulers of the World, The	1
02/01/2020	Laurianne	Antczak	Female	Whatever	6
02/04/2020	Ignace	Trendle	Male	This Island Earth	10
26/12/2018	Jarrad	Leadbeatter	Male	Let Him Have It	6
09/04/2020	Effie	McDougall	Female	Meshes of the Afternoon	12
21/12/2019	Catlaina	Mingame	Female	Cuenca Crime, The (Crimen de Cuenca, El)	4
28/10/2020	Eldridge	Casaccio	Male	Father Sergius (Otets Sergiy)	12
07/01/2020	Gwenora	Ummfrey	Female	Mesrine: Killer Instinct (L'instinct de mort)	4
11/09/2020	Dell	Denidge	Female	The Boogens	6
19/10/2019	Patsy	Rozzier	Male	Savages	18
08/05/2020	Corny	Gerold	Female	Full House (O. Henry's Full House)	3
05/07/2019	Doralia	Haps	Female	Hunky Dory	20
09/04/2019	Marilee	Aucock	Female	Mikado, The	4
10/02/2019	Clarinda	Ortells	Female	Beast, The (La bête)	5
09/08/2020	Damiano	Lakey	Male	Lakeview Terrace	7
27/08/2020	Monro	Runge	Male	Attack the Gas Station! (Juyuso seubgyuksageun)	13
23/03/2019	Fawn	Chisholm	Female	Love Guru, The	8
28/03/2020	Charlean	Kibble	Female	Train of Shadows (Tren de sombras)	1
21/06/2019	Haywood	Handrik	Male	Butch Cassidy and the Sundance Kid	14
20/07/2020	Letisha	MacAindreis	Female	8MM	17
13/07/2020	Pincus	Robeiro	Male	Always Tell Your Wife	18
05/09/2020	Verge	Shacklady	Male	Half of a Yellow Sun	9
19/07/2020	Celia	Gerriessen	Female	Cinderella	20
05/02/2019	Paddie	Gavan	Male	Lady Chatterley's Lover	6
15/02/2019	Drucy	Tweed	Female	Battlestar Galactica: The Plan	16
21/07/2020	Jase	Easum	Male	Confessions of a Driving Instructor	18
30/09/2020	Palmer	McLafferty	Male	Hot Rods to Hell	7
26/04/2019	Brannon	White	Male	Chorus, The (Choristes, Les)	16
22/04/2020	Lexi	Doward	Female	Crimes and Misdemeanors	6
26/03/2020	Herman	Huguenet	Male	Let's Get Harry	18
19/04/2020	Sianna	Jovicic	Female	Black Butterflies	13
21/06/2019	Dorise	Burds	Female	The Monastery of Sendomir	14
17/06/2020	Micheline	Sacase	Female	Skeleton Man	8
21/11/2019	Bondie	April	Male	Ox-Bow Incident, The	16
06/05/2019	Peta	Care	Female	Crash Dive	20
04/01/2020	Christian	Jerratsch	Female	All of Me	15
16/05/2020	Shaughn	Poad	Male	For Roseanna (Roseanna's Grave)	14
13/08/2020	Yehudit	Runham	Male	Osmosis Jones	10
26/01/2019	Obidiah	Crease	Male	Blind (Beul-la-in-deu)	3
03/03/2019	Goddart	Sabie	Male	100 Girls	12
16/02/2020	Damon	Platts	Male	Last Bolshevik, The (Tombeau d'Alexandre, Le)	19
01/05/2019	Ruy	Vigus	Male	Front, The	12
16/10/2019	Eward	Wagstaff	Male	We Need a Vacation (Fais-moi des vacances)	9
30/01/2020	Tybi	Hantusch	Female	Along Came Polly	10
23/07/2019	Anatol	Lindegard	Male	Mod Squad, The	18
23/09/2020	Winifred	Chedzoy	Female	8:28 am (8 Uhr 28)	14
25/01/2020	Vitoria	Rodge	Female	Elvis Meets Nixon	20
01/09/2020	Durward	Ouldcott	Male	Cabaret	13
19/02/2019	Myrvyn	Hoyt	Male	Cars 2	19
25/03/2019	Tye	Rothman	Male	Savannah	18
11/06/2019	Cordelie	MacSweeney	Female	Blood Relatives (Liens de sang, Les)	20
30/10/2020	Rand	Label	Male	American Flyers	15
20/05/2019	Cyrill	Rebbeck	Male	Ghost World	6
20/06/2020	Viviana	Merrgan	Female	Advanced Style	13
02/08/2020	Bethina	Hodgen	Female	Trancers III	5
26/12/2018	Kirbie	Crush	Female	Night Visitor, The	13
20/11/2020	Mahalia	Cottey	Female	Purple Butterfly (Zi hudie)	4
17/04/2020	Juliane	Thomesson	Female	3:10 to Yuma	17
31/08/2020	Richardo	Ruben	Male	Basic Instinct 2	4
17/04/2020	Solomon	Villaron	Male	Run Silent Run Deep	17
02/02/2020	Chrysa	McAdam	Female	Mike's Murder	9
07/09/2019	Raeann	Gorman	Female	Wild Is the Wind	18
12/02/2020	Shelden	Prevett	Male	Pinky	7
19/02/2020	Alasteir	Samper	Male	Out of the Clear Blue Sky	7
04/05/2020	Maje	Tetther	Male	High and Dizzy	17
26/02/2020	Delora	McGinlay	Female	Blood of the Beasts (Sang des bêtes, Le)	9
01/04/2020	Dee	Bever	Female	Ear, The (Ucho)	9
19/06/2020	Ysabel	Goodrum	Female	Images	18
16/06/2020	Darya	Meltetal	Female	Central Station (Central do Brasil)	6
24/12/2019	Ulrikaumeko	Lathleiff	Female	Funky Forest: The First Contact	14
05/11/2019	Blaine	Going	Male	Twice Upon a Time	8
06/07/2020	Vallie	Grahl	Female	Desert Trail, The	14
28/02/2020	Krista	Djurisic	Female	Bombón: El Perro (El perro)	17
09/11/2020	Shannon	Boissieux	Female	LOL	9
07/09/2020	Adams	Troy	Male	Hell and High Water	12
13/07/2019	Kile	Coushe	Male	Family Secrets (Familjehemligheter)	11
12/05/2020	Matthus	Beynkn	Male	Birdman of Alcatraz	13
21/06/2019	Leela	Barnhart	Female	Hunters, The	12
07/07/2020	Misty	Kolodziej	Female	Fired Up	5
23/10/2020	Clementius	Steddall	Male	Matter of Taste, A (Affaire de Goût, Une)	2
25/12/2018	Tore	Brandel	Male	Idiots, The (Idioterne)	1
11/01/2020	Quint	Grieveson	Male	How to Train Your Dragon	11
19/05/2020	Cissiee	Livesey	Female	Parallel Sons	2
29/03/2019	Barris	Biggen	Male	Above the Street, Below the Water (Over gaden under vandet)	13
10/05/2019	Tyson	Louth	Male	Gandhi	13
05/09/2020	Bonni	Glassup	Female	Hornets' Nest	17
23/09/2020	Daveen	Ibel	Female	Marjorie Morningstar	17
04/01/2020	Andra	Teale	Female	Star for Two, A	6
17/05/2019	Lorilyn	Kubecka	Female	Stars Fell on Henrietta, The	20
03/01/2019	Alejoa	Retter	Male	Standing Aside, Watching	12
18/02/2019	Nobie	Boundley	Male	Dog Days (Hundstage)	15
10/02/2019	Sascha	Grollmann	Male	Poetry (Shi)	19
05/11/2019	Modestia	Gillbe	Female	Imitation of Life	12
03/05/2019	Scott	Portsmouth	Male	Thousand Cuts, A	4
26/07/2019	Mil	Rable	Female	Strike Up the Band	2
17/07/2020	Woodrow	Drissell	Male	Jenny	2
13/08/2020	Tonie	Moodycliffe	Female	Identification of a Woman (Identificazione di una donna)	1
27/02/2019	Frankie	Borrow	Male	Cop Land	12
30/03/2019	Fredelia	Taunton.	Female	Cass	2
14/03/2019	Traci	Shuxsmith	Female	Tactical Force	17
02/07/2020	Oliviero	Earthfield	Male	Hood of the Living Dead	19
27/12/2018	Margaretha	Dankov	Female	Dirty Dozen: Next Mission, The	14
24/04/2019	Minda	Sill	Female	Dark Shadows	9
13/07/2019	Garret	Tarply	Male	Affairs of Anatol, The	8
07/10/2019	Lionello	Caldecot	Male	Through and Through (Na wylot)	10
11/09/2019	Nathan	Jordeson	Male	Trouble with Harry, The	19
19/11/2019	Witty	Michele	Male	Friendly Persuasion	6
23/04/2019	Rooney	Coling	Male	Freaky Friday	6
24/11/2019	Sibby	Wimlett	Female	Jimmy and Judy	12
22/05/2019	Dominga	Baroche	Female	Age of Uprising: The Legend of Michael Kohlhaas (Michael Kohlhaas)	17
30/11/2019	Valentino	Brinklow	Male	Jam	12
29/08/2020	Desiree	Purrington	Female	Honeysuckle Rose (a.k.a. On the Road Again)	6
21/06/2019	Brok	Reyne	Male	Amazing Grace and Chuck	12
16/07/2019	Isador	Peirpoint	Male	Legal Eagles	3
09/01/2019	Adriena	Trewman	Female	Seven Billiard Tables (Siete mesas de billar francés)	4
31/05/2020	Hamlin	Leon	Male	Krrish 3	2
20/03/2019	Irena	Meni	Female	What! No Beer?	15
24/01/2019	Kristos	Chattock	Male	Pelican, The (Le Pelican)	9
07/12/2019	Allissa	Stoven	Female	Killer Force	3
17/03/2019	Nikolas	D'Oyly	Male	Delhi Belly	7
08/03/2020	Claybourne	Mepham	Male	Sea of Grass, The	12
06/09/2019	Melodie	Chaplain	Female	Nuns on the Run	3
21/09/2019	Sena	Moyler	Female	José and Pilar (José e Pilar)	16
20/07/2020	Brandy	Clinning	Female	Rich Hill	6
07/07/2019	Sophia	Cushe	Female	The Hunting Ground	17
22/11/2020	Renata	Blenkhorn	Female	Children of the Corn III	5
19/12/2018	Kelcey	Ashcroft	Female	Sunday in New York	14
24/12/2019	Byran	Howsin	Male	Taken 2	15
18/12/2019	Marabel	Antoniades	Female	Don't Look Now	14
12/03/2019	Helaina	Redit	Female	It's a Mad, Mad, Mad, Mad World	3
04/03/2020	Adrea	Rhodus	Female	Bless the Child	12
12/12/2018	Von	Goodwyn	Male	Calculator	16
28/07/2019	Liam	Fasler	Male	Ego	20
19/04/2019	Lida	Franchyonok	Female	Holes in My Shoes	11
26/03/2020	Tomas	Siggers	Male	Day the Earth Stood Still, The	7
14/07/2019	Charo	Fateley	Female	Phat Beach	16
24/11/2019	Olenka	Heart	Female	The Merry Widow	11
06/03/2020	Spence	Dorrity	Male	A Year Along the Abandoned Road	14
02/05/2019	Brendon	Walford	Male	Being Elmo: A Puppeteer's Journey	18
11/12/2018	Dusty	Galbraith	Female	Dear God	20
12/12/2018	Zach	Legat	Male	The Stanford Prison Experiment	9
03/12/2018	Darell	Scottini	Female	Killers	8
27/01/2019	Eddie	Moxom	Female	Love Songs (Les chansons d'amour)	9
16/09/2020	Lenka	Castagnier	Female	Shanghai Knights	5
02/11/2020	Carleton	Carse	Male	Officer Down	15
15/03/2019	Claybourne	Inggall	Male	Farah Goes Bang	8
10/01/2019	Sloane	Claydon	Male	Smart Set, The	19
22/10/2020	Eda	Verry	Female	Scarlet and the Black, The	4
28/05/2019	Jacinthe	Ferdinand	Female	Wallace and Gromit in 'A Matter of Loaf and Death'	3
28/05/2020	Danny	Drillot	Female	Bond Girls Are Forever	12
03/04/2020	Gerick	Heymes	Male	Friday the 13th Part IV: The Final Chapter	9
24/09/2019	Obed	Hattersley	Male	Cosmos	15
13/05/2019	Johna	Hallen	Female	North Star, The	15
24/09/2019	Rosaleen	Wheatland	Female	Killer (Tueur à gages)	13
11/04/2019	Artus	Mosconi	Male	Montana	11
01/02/2019	Karrah	Skune	Female	Savages, The	16
22/11/2019	Sada	Petricek	Female	Long Way Down, A	20
06/04/2020	Rickie	Winsper	Male	Air Up There, The	17
03/05/2020	Kenn	Davidesco	Male	Me Myself I	20
02/03/2020	Allyson	Sexten	Female	Love in the Time of Hysteria (Sólo con tu pareja)	5
16/05/2019	Marijo	Chamley	Female	Boys Are Back, The	19
19/04/2020	Elijah	Wallbanks	Male	Fallen Sparrow, The	10
31/08/2019	Corri	Saing	Female	G.O.R.A.	17
30/10/2020	Brendon	Thewless	Male	Cuba	20
29/02/2020	Kelley	Hovie	Female	Moulin Rouge	17
02/03/2019	Di	Fine	Female	Acid House, The	4
07/05/2019	Hart	Proudlove	Male	Why Man Creates	16
23/04/2020	Deny	Willingham	Female	Kansas City	3
16/09/2019	Jacqui	Everill	Female	No Way Back	6
22/06/2019	Hiram	Sargerson	Male	The Diary of Anne Frank	1
17/07/2019	Lelah	Aldersey	Female	At the Death House Door	11
02/11/2019	Werner	Ferrand	Male	Order, The	3
09/08/2020	Katrine	Hawksley	Female	Saint in London, The	17
05/08/2020	Laure	Gerhartz	Female	GasLand	7
21/01/2019	Lauren	Wilkenson	Male	Barbara	12
17/10/2020	Elyn	Jeandeau	Female	S.O.S. Eisberg	1
09/12/2018	Katrine	Malec	Female	House of 1000 Corpses	16
01/01/2019	Brittne	Mattacks	Female	Mercy 	17
05/11/2019	Georgeta	Smeal	Female	Breaktime, The (Zang-e Tafrih) (Recess)	15
15/02/2020	Aubert	McHaffy	Male	Murder à la Mod	17
06/12/2018	Dasha	Inchley	Female	Tobruk	13
12/10/2019	Marcille	Fealty	Female	End of the Line, The	5
14/01/2019	Deane	Antrim	Female	Auggie Rose (a.k.a. Beyond Suspicion)	5
27/07/2019	Annelise	MacCombe	Female	Village of the Damned	12
20/03/2020	Betteanne	Malloch	Female	Mr. Death: The Rise and Fall of Fred A. Leuchter, Jr.	12
01/03/2020	Carlyle	Fleay	Male	World's Greatest Lover, The	3
27/01/2020	Celestina	Rogan	Female	Eagle Has Two Heads, The (L'aigle à deux têtes)	15
18/07/2020	Thomasin	Byng	Female	Alphabet Killer, The	1
08/08/2019	Reena	Redsull	Female	Love and Bullets	2
28/02/2019	Harlin	Oakton	Male	Punk in London	3
13/12/2018	Natal	Gallardo	Male	Quackser Fortune Has a Cousin in the Bronx	8
08/04/2020	Otho	Firmage	Male	Distant Drums	12
19/04/2019	Charlton	Staig	Male	Pavilion of Women	20
08/08/2019	Bili	Kimmins	Female	Drevo	5
18/09/2019	Kingston	Quaif	Male	Castle, The	16
31/01/2020	Osborne	Trickett	Male	Trial, The (Procès, Le)	2
02/08/2020	Torre	Opdenorth	Male	Tom and Huck	3
08/12/2018	Thorin	Jerzak	Male	Dr. Jekyll and Mr. Hyde	12
15/03/2019	Pen	Liles	Female	Tourist, The	2
30/07/2019	Puff	Cudiff	Male	Music Box, The	16
24/09/2020	Nomi	Woolvett	Female	Particle Fever	9
14/07/2020	Lars	McDonagh	Male	Mountain Patrol (Kekexili)	9
16/02/2019	Weidar	Gingel	Male	Room with a View, A	6
23/04/2019	Dennie	Gowdridge	Female	Rebel Without a Cause	9
14/01/2020	Rabi	Febre	Male	Confessions of a Superhero	4
20/12/2018	Parke	Hinstock	Male	Sweet Karma	8
22/09/2019	Glenda	Nobes	Female	Shot in the Dark, A	20
25/12/2019	Karlan	Perillo	Male	Road Warrior, The (Mad Max 2)	2
18/04/2019	Chrissy	Stigell	Male	Gideon's Army	15
22/06/2020	Gottfried	Scorey	Male	Paradise	7
24/05/2020	Barr	Fowles	Male	Boys, Les	7
19/12/2018	Kizzie	Armin	Female	Five Days One Summer	15
17/08/2020	Nial	Triner	Male	Wanted: Dead or Alive	7
21/04/2019	Hakeem	Tooke	Male	Ghost Machine	1
04/10/2020	Scott	Henlon	Male	American Soldiers	17
27/12/2019	Florrie	Stirland	Female	Air Hawks	20
17/09/2020	Lina	Aingell	Female	Star Wars: Episode VI - Return of the Jedi	14
08/06/2020	Hube	Ganiclef	Male	Fast and the Furious, The	5
